DATE,LOGRETURN
1,0.1394302536923138
2,-0.1807427595271251
3,0.291826758071798
4,-0.2632736757384223
5,0.16850546443838668
6,0.03321713983879314
7,0.2133961527222792
8,-0.14381317837214652
9,-0.23525575161181897
10,-0.34996380457230225
11,-0.0554444705224005
12,0.09445546371874355
13,0.004687630222704103
14,0.233791358071436
15,0.08653128033477979
16,0.0038360430735523616
17,0.07623884576343036
18,-0.19271426733011682
19,-0.2154889892652463
20,-0.1821358144809435
21,-0.028163984176146743
22,-0.11316228442896989
23,-0.1887579790515386
24,-0.2550981559494217
25,-0.2844820332990491
26,0.12093319476576746
27,0.1612332527697446
28,-0.2703827100654427
29,0.0028813482090517062
30,0.15321717077771582
31,-0.14538560531012698
32,0.08245551399695919
33,0.12722252225629938
34,-0.22430428688545048
35,0.26383405841135993
36,-0.1565693125165941
37,0.1438816559820111
38,-0.13773130730896924
39,0.3624924186854681
40,-0.03793091986687202
41,-0.13720733741493074
42,0.10083492364981177
43,-0.053305187602150486
44,0.15352757585213836
45,-0.10033660450350364
46,0.07124515246688615
47,-0.09155211602821439
48,0.05784514246186289
49,0.0008897313396463389
50,0.17752874040456407
51,0.15130661075899984
52,-0.09348080820924867
53,0.002835530484684392
54,0.04363752943249404
55,0.31479743966555923
56,0.1484691918365185
57,0.33393437976896495
58,0.018546626922998476
59,0.004749940553374092
60,0.022319005148597474
61,0.04806532000711109
62,-0.14029893087706724
63,-0.08893900363887565
64,0.2542124559444993
65,-0.07609634856566404
66,-0.31337946308230147
67,0.3355569796065634
68,-0.21034351837741708
69,0.040887027076064446
70,0.09275669149096073
71,-0.1313028158157351
72,-0.2140316554158299
73,0.16938163594493433
74,-0.006801477690217946
75,0.002377950121672892
76,0.0657262501252511
77,0.08439989214288152
78,0.03401329256520153
79,-0.056404300658518584
80,0.2379617252051709
81,0.1718608214608913
82,-0.03623449783983823
83,0.43163864957546094
84,0.15148107660516183
85,-0.10165410070378741
86,0.11866637258958011
87,0.09046535996503575
88,-0.13578591542125124
89,0.25986460849262805
90,0.350548160730789
91,-0.0560464803772429
92,0.16937533954998535
93,0.00012153593272229653
94,-0.2527170460868172
95,-0.40900158947212556
96,0.18428529007427985
97,0.03808242716581652
98,0.5652352865760698
99,0.3370038633906267
100,-0.16645868876833272
101,-0.032612806136548246
102,-0.35367816406584845
103,0.32020623027722644
104,-0.2435369037609198
105,-0.2171834547565849
106,0.001941418570661924
107,0.049250996860059584
108,0.011037941968886618
109,-0.1676139776777914
110,0.026379772711253073
111,0.26969068791606327
112,-0.07112329697889998
113,0.017073282166638303
114,0.018122798040113523
115,0.1756433730921949
116,0.09393435797963433
117,0.038717420016776125
118,0.0312815635051998
119,0.07839583134994499
120,-0.2220422297545311
121,0.3923751261323851
122,0.025167415757149765
123,-0.19982831388800687
124,-0.2062924648967925
125,0.06972003631463432
126,0.025780597759660052
127,0.022318621930771044
128,0.19031887890713567
129,0.164797259810733
130,0.08287462836142956
131,0.043794270329330885
132,0.0439184624214163
133,-0.4435188657254908
134,-0.26732772779506486
135,-0.08086836174130636
136,-0.1361551357568819
137,0.2000854727780193
138,-0.188333364558012
139,-0.2510359874813326
140,0.12700684766062828
141,-0.14321396860803565
142,-0.31749436691528216
143,-0.17329764953283108
144,0.49597208312990265
145,0.516067366699023
146,-0.13909981057571125
147,-0.29636512691206135
148,0.5749252137194046
149,0.1579609127598987
150,0.05182066420819433
151,-0.744315980022176
152,-0.2084294378565231
153,0.07180469990182628
154,0.2177256650623804
155,0.07378095796262596
156,0.41596773463710063
157,-0.016185798637136935
158,-0.04270274660530198
159,-0.1478894156303269
160,-0.4848837312292937
161,0.037306005590767424
162,0.08379230040676229
163,-0.018529705361748063
164,0.014110631930563064
165,-0.02857613820184857
166,0.028557357955264203
167,-0.018982112654574577
168,0.07538200632931323
169,-0.06106408109417337
170,0.03294980231075061
171,-0.1053741255350933
172,-0.08910533693811026
173,0.026918401853228895
174,0.19803109433550203
175,-0.02773830422700227
176,0.14769781067085422
177,0.030955724211752425
178,-0.02969300991502636
179,0.05486165795636795
180,0.08750569619876704
181,-0.019006472541824946
182,-0.04103564898534652
183,-0.005618988465332347
184,0.00835435663219556
185,0.004796472991864272
186,-0.038360764322575173
187,0.06629286905593663
188,0.24958622644815986
189,-0.017671592980282924
190,-0.04587941016477228
191,-0.33851364818274304
192,0.013013199295008056
193,-0.17492821784273854
194,0.19350739835666245
195,0.026403625714644326
196,-0.009665702766298908
197,-0.04869049332407379
198,0.030505967557608715
199,-0.0951287593230826
200,0.00473589282864576
201,0.0658459492614224
202,-0.07344629763834329
203,-0.04459112024766208
204,-0.0031580483430947315
205,-0.021714225514895096
206,-0.02287150794469395
207,0.07564013024095537
208,-0.0010466707776846328
209,-0.03306430278574381
210,0.005667995882882681
211,-0.002403393188752064
212,-0.0035214586086033
213,-0.03125856475388415
214,-0.0159563674958461
215,0.025374771835442792
216,-0.06082053213863531
217,0.013591793221189832
218,0.007938865386669106
219,-0.0007594758978392085
220,0.0401876088797615
221,0.042017220628585324
222,-0.01101774136362454
223,-0.16659196600326584
224,0.07055022267695153
225,0.00806854389426121
226,-0.0019574979767798604
227,0.02890283094032879
228,0.028702680934967112
229,0.05988167516721777
230,0.031308869326443764
231,-0.003290816510270129
232,0.037311032618938915
233,0.06065419814272004
234,0.01763718973134401
235,-0.018650264509014747
236,-0.035137595074621525
237,0.08574997246336051
238,0.1588721463498648
239,-0.002417731794311181
240,-0.006574653678018375
241,0.011207939981555764
242,0.01647478219342069
243,0.007583470265975552
244,-0.026738287832423217
245,-0.03993975003246471
246,0.2680000004184095
247,-0.11525684019451644
248,0.13906148084253583
249,0.13251250875830284
250,-0.025179278157383748
251,-0.03966802527470451
252,-0.0071876545944500655
253,-0.00867702308698905
254,0.021018229423300346
255,0.024585214044294545
256,0.16100615446885436
257,0.0742604257826781
258,-0.007442826792733164
259,-0.0026299893913123364
260,-0.0203505817102595
261,-0.0896260664918316
262,-0.012063257443861665
263,0.07905352653755818
264,0.0657384012289292
265,-0.06278410184639276
266,-0.08923389567839744
267,-0.07779792607062953
268,-0.002521569164988583
269,-0.06203549901309538
270,-0.006279413045556892
271,0.0888255272703064
272,0.00611471886540413
273,0.007796557536554227
274,0.012024434607319787
275,0.025963738517762666
276,-0.014624663017545255
277,0.025018595170544423
278,-0.0344813546358488
279,0.027665386073166303
280,0.027667809725256585
281,0.07851477104760214
282,-0.015378955596582044
283,0.01815985958330873
284,-0.00043894750345731655
285,-0.04221023469077881
286,-0.032191246692870365
287,0.04431003591713849
288,0.010710666706551407
289,0.02374426499549939
290,-0.06252137844940385
291,-0.0808033145828135
292,0.1109238553029232
293,6.359801864473423e-05
294,0.05320592897020463
295,0.08157429712665691
296,-0.007284398520914712
297,0.0032452297630075127
298,0.09797110740989912
299,-0.06363744804162796
300,-0.018074899251254464
301,-0.1017293172785051
302,0.10498982560952631
303,0.13468231654842852
304,-0.025627521136569287
305,0.005969944184714542
306,-0.03205363733590107
307,-0.06457275031603574
308,0.04099951779172632
309,-0.02330220142178333
310,0.03556559402148082
311,0.018039000143747472
312,0.0772070091938459
313,-0.011856052491087534
314,0.14008244086819296
315,-0.006793159976283875
316,-0.03030886433602587
317,-0.035426526990833165
318,-0.0744630434480837
319,0.019770401049636413
320,0.009596893365380426
321,0.08436611029368088
322,-0.016805506788779997
323,0.08054891651818269
324,0.0606210103526695
325,0.11815894572001404
326,-0.03488670051961486
327,-0.004990326921538529
328,-0.0791502676766858
329,0.22977079202265616
330,0.10607357577667102
331,-0.1026653275278762
332,0.10946231210887966
333,0.03340826498505146
334,-0.042130729273467095
335,-0.007573298287205212
336,0.05906235750009394
337,0.04042207024708735
338,-0.020240906542868968
339,-0.022027574535945685
340,0.004002135857130538
341,-0.03454512721348908
342,-0.014932013190710204
343,0.0015434628144503923
344,-0.025035889825598456
345,-0.011767892201923225
346,-0.04735964610811941
347,0.04078026698305161
348,-0.08145077403129816
349,0.030144123654380947
350,-0.015373858109988814
351,0.013208484166771483
352,0.04471481912623995
353,-0.08714423483752098
354,-0.06147049016864722
355,-0.0633936796620045
356,0.002511402649583164
357,-0.14980730169099574
358,0.05815133863028307
359,0.11818723880768989
360,0.1465457466736079
361,-0.12387882522347422
362,0.12222876535026092
363,-0.06643542309111027
364,0.00239098525712108
365,0.002193097499739428
366,-0.11352183087549345
367,-0.029132227901764837
368,-0.05201021058170183
369,-0.15188475781830663
370,-0.09597035680331215
371,-0.03381521127900518
372,-0.09142363863968168
373,0.05359201594239655
374,0.13032626318556123
375,0.039379371137069935
376,0.05695800496354916
377,0.11915630496511054
378,0.011853730940751131
379,-0.04759630814686724
380,-0.029177076403249198
381,0.17563414160704496
382,0.13470026739371796
383,-0.0014841819499461007
384,0.12854345307135487
385,0.011837231346878337
386,0.03102595006584513
387,0.07593735017185638
388,0.09787866422350906
389,0.035975159506084625
390,-0.009257002396176836
391,0.26094240852848966
392,-0.23760270510555068
393,-0.03953810986793341
394,-0.06288771253435346
395,0.1531645650915162
396,0.1423563018305552
397,0.22083689801497472
398,-0.2152225768983638
399,-0.18160208904929273
400,-0.0928758520436978
401,-0.032914689861683645
402,0.020872684313963098
403,0.03607973062349602
404,-0.04402062214135701
405,0.01720341435037287
406,0.02215636275822518
407,-0.15843018364754252
408,0.2601189105262486
409,-0.16235674440855807
410,0.08436680373409619
411,-0.25062398790774826
412,0.012599691065500162
413,0.17359850264273466
414,0.4692832028097859
415,-0.007287413198124004
416,0.0009573740625011099
417,0.1444592841658044
418,-0.06432463390699278
419,-0.14564970917835857
420,-0.07662137214927078
421,-0.04999504000653833
422,0.1824176837770661
423,-0.015593867220842
424,0.17621756841342703
425,-0.030358180432667487
426,0.20163814227600618
427,0.168545989523255
428,0.13287501920125516
429,-0.0692436264740447
430,-0.10893639613842464
431,-0.06212086015822912
432,-0.18657172579970194
433,0.12127212365479317
434,0.1295914805167591
435,-0.308876343704301
436,-0.10591535848107046
437,0.02723336095614183
438,0.008230397345236645
439,-0.1951955938069396
440,-0.2678618355551979
441,0.08682804487510895
442,0.035526433792207365
443,-0.042147578103324486
444,-0.050287421727459335
445,0.09205952062776258
446,0.22578081119377322
447,0.021463494404398095
448,-0.06522270787335718
449,0.020660893093922154
450,0.023993727541715672
451,-0.01358298938041313
452,-0.010767273826594046
453,-0.07586745488190634
454,0.007792602207650665
455,-0.017758269224771032
456,0.11685117394806334
457,-0.16212134341142703
458,-0.17578257189922025
459,-0.10841213422088448
460,0.14412283752756966
461,-0.1688952269848846
462,0.1955105247251998
463,-0.07920266705361954
464,-0.054804053861602496
465,-0.00969246103896336
466,-0.08893808107712818
467,0.2639410472442214
468,-0.011618214888432449
469,-0.08271199563043681
470,-0.011614050696095899
471,0.08081098172634682
472,-0.24447499486968358
473,-0.24796885853629688
474,0.037412036010946934
475,0.09272406766751774
476,-0.3063024129898758
477,-0.13645145898380714
478,0.027929616897017676
479,-0.01171103234087446
480,-0.16651028852438454
481,-0.013060294044690928
482,0.015955990978363276
483,0.0715422658474348
484,0.07657405471597571
485,0.0575734177269661
486,-0.067897873157242
487,0.02668120417051467
488,0.13808318639629494
489,0.15437065236500289
490,0.1123972195838321
491,0.33611184083375617
492,-0.0052421436866225985
493,0.0913091715504516
494,-0.041431356603483974
495,-0.06289959228764312
496,-0.027360408780871773
497,0.03823890265874099
498,0.1974620101904394
499,0.2033205021482201
500,0.22606521665185048
501,0.0978365660184872
502,-0.047045079065650024
503,0.015150374857531086
504,-0.0374764084997366
505,0.03701597345593834
506,0.008793669044177752
507,0.017664002517591804
508,0.05449900593209172
509,-0.14383887185241578
510,0.09081149107150628
511,0.004154754667829697
512,0.06481865136092307
513,0.13326877079427776
514,0.09637381101862129
515,-0.1460871133769141
516,0.3193679332253587
517,0.34416675106548
518,-0.003928037606196613
519,0.06400406817043475
520,0.38765911699547906
521,-0.16039965605945292
522,0.3884702079056433
523,-0.31145202380863546
524,-0.051637245749702694
525,0.22873913990990802
526,0.06928619782681623
527,-0.5501760876294063
528,-0.07777241768802799
529,-0.10475346684232559
530,0.06834945287369878
531,0.08316463536945716
532,-0.1112529209146028
533,-0.045560814350949504
534,-0.02031363223836754
535,0.015074478594288414
536,0.294010838889616
537,-0.1590112276073935
538,0.2800755736507261
539,0.024070885095348687
540,0.027574035843397023
541,0.19613456225927708
542,0.043446230863204635
543,0.031508486828367176
544,0.08526656325080934
545,0.17618295813267723
546,-0.005010289573849655
547,0.27105441039490963
548,-0.16774983190591378
549,0.0456910417080248
550,0.12683239167146595
551,0.16019434537629046
552,0.11036425801545804
553,0.022021344266087532
554,0.026269661208024802
555,0.11130068592746416
556,0.0830577678596143
557,-0.10817757013609883
558,-0.05637867732205238
559,0.3692248476191124
560,0.07718205127121971
561,0.10209300739716132
562,-0.002089208755298743
563,-0.019981845602794365
564,-0.02342089036993267
565,-0.07164808318660086
566,-0.20492963189772925
567,-0.012739150893731444
568,0.04263070447332002
569,-0.31361491464067115
570,0.09456896419747435
571,-0.1166515079023625
572,0.0494574072578433
573,0.043740394450439056
574,-0.07525351418862956
575,0.02080041727245601
576,-0.11879240999579756
577,0.06135456436221947
578,0.013596271261828833
579,0.03734741465002497
580,-0.046578078243577285
581,-0.12525978226091738
582,0.0629634931037527
583,0.18154834920346968
584,0.011191444584762029
585,0.0124252706293376
586,0.11071943874398879
587,-0.05296439065843671
588,-0.07465763856137302
589,0.05824345186788654
590,-0.11300148274664704
591,-0.015389804873179425
592,0.04537940972171381
593,0.12234319899019226
594,0.04599720972887418
595,-0.01123970608200612
596,0.099795939741498
597,-0.16877204342516472
598,-0.07339745144285018
599,0.1950737001294345
600,-0.0006797802121110451
601,0.0948168730013221
602,-0.006017594924871529
603,-0.001765936944696451
604,-0.021460870491621445
605,-0.13646291323345985
606,0.061534709389864495
607,-0.07426813435542612
608,0.009689701857826263
609,-0.06812944727353241
610,-0.06262292851529347
611,-0.008716455186252733
612,0.04349400596725838
613,0.06415611275180653
614,-0.003043220563703312
615,-0.03997003709604718
616,0.0764739391633163
617,0.10483333481408724
618,-0.01612285646164619
619,0.013850083835189557
620,0.008393745424840287
621,-0.01669829972779619
622,-0.038489238393803374
623,-0.11651964864680962
624,-0.02135931999238074
625,-0.06530772417583659
626,0.02938236793239675
627,-0.00438903481072507
628,0.030791537813360883
629,0.05140125818804025
630,-0.0242660714101925
631,-0.0275545489855494
632,-0.18740268347749867
633,0.04294693675180259
634,-0.05451897607152987
635,0.04054183869813708
636,-0.10490325972908426
637,0.07184432590143724
638,0.05628431339806495
639,0.00436642626597271
640,-0.09738908067206407
641,0.07277919358287355
642,-0.05458189786700267
643,0.06310725482987807
644,-0.008710628622995913
645,-0.1251419869622593
646,0.0059077128473787
647,-0.11560832851263958
648,0.13614873230862418
649,-0.13142338104565904
650,0.04447207636997998
651,0.2390440393373356
652,0.08862126474400009
653,0.07008237166293306
654,0.04861476983764645
655,-0.05859150183695669
656,0.018429010363463092
657,0.05056226344720528
658,0.06790430238468688
659,-0.005302312791851093
660,-0.02584160553931479
661,0.059362196684174924
662,0.003396151806178927
663,-0.016742269642408162
664,-0.048573187328006834
665,-0.02717960193301087
666,-0.0137706927533923
667,-0.09590380351845842
668,-0.06755217914451414
669,0.1657813873262218
670,-0.09760993330248777
671,0.021899177053175654
672,0.00043100792899242613
673,-0.09483286700727166
674,-0.06867385882810438
675,-0.12692463839594986
676,0.03957718695256698
677,0.03168310797660564
678,-0.08487335756275392
679,-0.11540488519126046
680,-0.04332604463899501
681,-0.11071088439365727
682,-0.015751205861700885
683,0.0114605121404844
684,-0.030472896093044592
685,0.035484390007122835
686,0.02543638140551208
687,-0.007991356213782113
688,-0.03175499421803805
689,-0.009168460529228067
690,-0.005886293801547721
691,-0.04724217818846658
692,-0.026266048483704067
693,0.020936382025217543
694,0.010647748886869191
695,0.024748764912832847
696,0.061963180654547784
697,-0.22481947019133225
698,-0.03515215519958326
699,0.03356249375492693
700,0.1328360951764856
701,0.03989085575584108
702,-0.0041746210723426335
703,-0.06070887439768435
704,-0.06760869436663165
705,-0.04059689130383716
706,0.06535621528083135
707,-0.23310457721175668
708,0.2711394073013599
709,-0.25835597429817886
710,0.07042502023149302
711,-0.019573811472489742
712,-0.09890959651162345
713,-0.010128927628973076
714,-0.10589336689923494
715,-0.038487386559295234
716,-0.030673831799675668
717,0.012347219048209507
718,-0.14888220970360166
719,0.030942170035112227
720,0.06263512777227939
721,-0.08945509616510806
722,0.01600835596771475
723,-0.153537977963761
724,0.007678206919730884
725,-0.008240573839485567
726,0.06387705681643534
727,0.20404143115796122
728,-0.04268211061517711
729,-0.06724684701906414
730,-0.005933892355189275
731,-0.01634465579810224
732,-0.01170111086868466
733,0.1279149618337234
734,-0.22939297093953137
735,-0.12317329020994473
736,0.09175970710635858
737,0.10665654789268816
738,-0.052042791912103856
739,-0.014838164406473096
740,-0.06410257739150535
741,0.029779255538931196
742,-0.09157163425284358
743,-0.04179413525994029
744,0.17403571111887498
745,0.01726754810962275
746,-0.038953759574746886
747,-0.02186597228905447
748,0.14755541210108086
749,0.0749271048555209
750,0.033610224215102236
751,0.12352222111157622
752,-0.040734421677605354
753,-0.02431442882968086
754,-0.017450289478702384
755,0.02663620248669295
756,0.07500136949451582
757,0.10558991614164503
758,-0.01439818589653124
759,-0.00036243040941844555
760,-0.0791259231874338
761,0.004810163093010995
762,0.12541976065326585
763,-0.018756749249750865
764,0.015561038589619835
765,0.13012900757504817
766,-0.0250997124167041
767,0.11360385352792832
768,-0.008907366350908618
769,0.03611233262719782
770,-0.05310061440679537
771,0.009853317264920097
772,0.10462206809970528
773,-0.035717764592820514
774,-0.013267515251194819
775,-0.05376819368993142
776,0.06534205799720227
777,-0.2531678415875358
778,0.05878963104317445
779,0.08076654856107399
780,-0.01972093070317463
781,-0.0752723370030183
782,0.04563985541760081
783,0.00811061201921471
784,0.3262391823491047
785,-0.0937258414102502
786,-0.15175774161965255
787,-0.41690159975247987
788,0.055810314526643076
789,0.0330949257547049
790,0.0005361366077625286
791,-0.07305608790472005
792,-0.057038455463847275
793,0.027783592698150783
794,-0.03010780103742294
795,0.01386354232649424
796,-0.019351504123163964
797,0.04207000950548841
798,0.002494386502261569
799,0.012754412149082042
800,-0.05403441734566246
801,0.011579228183122802
802,-0.08011997710804215
803,0.040847624512304344
804,-0.03175168591044758
805,-0.05530643425923391
806,-0.025198726911667024
807,-0.09205248453934485
808,-0.002538622025652098
809,-0.034452458577104175
810,-0.049936631212121024
811,-0.019721000804541915
812,0.03153677470405623
813,0.0031853791806861513
814,-0.00690113956109107
815,-0.005860314154339713
816,-0.003669604229847109
817,-0.024203294389293487
818,-0.0221399439367859
819,-0.04218534948933326
820,0.04458226876250862
821,-0.006142602034042365
822,-0.06679270274507294
823,0.00934635977032769
824,0.002999859313345249
825,0.13307344050238515
826,-0.03052712589395975
827,-0.022889969271352603
828,-0.026199273540662524
829,-0.0165240884612593
830,0.09444175426238993
831,0.09856168641519827
832,-0.032548152411659745
833,0.004462114407518957
834,-0.09297970996284477
835,-0.0666284433810509
836,0.03735992976496279
837,0.047192273247130136
838,-0.05299994113291931
839,0.011781586849648275
840,0.02310834345163962
841,-0.01542933082270721
842,-0.017109729870744435
843,0.003174443076366214
844,0.008135974926263091
845,-0.002207801864669191
846,-0.006417024443217679
847,-0.044025032715213186
848,0.009819369257033356
849,-0.022655799639105165
850,-0.008095383551824955
851,-0.0177207011676563
852,0.008132724175976765
853,-0.016030759428650784
854,-0.0005881752282981598
855,-0.00781812964892155
856,-3.813439717933674e-05
857,0.004632022231665787
858,0.05140838439521085
859,0.1255628441711625
860,-0.1977610106288407
861,0.04659975151248353
862,-0.09186646494941444
863,0.010860816336332646
864,-0.07263167760101837
865,-0.09856627240778137
866,0.14716280897920714
867,0.029836787634629575
868,0.05968756236120867
869,0.05306253882389076
870,-0.05579821098248284
871,-0.007217817829290633
872,-0.0037572135866123222
873,0.06248319442375851
874,0.054446905708712114
875,0.07977659688692662
876,0.03919493276990154
877,0.04072583953341606
878,0.02588052382489958
879,0.0361307647763748
880,-0.028889927974190127
881,-0.08581267377094691
882,-0.05874147273572926
883,-0.15659549296316833
884,-0.007654492808763049
885,0.00026020151685594633
886,-0.034050608362046916
887,-0.04480267177175478
888,-0.01926944374878951
889,0.036364762556264106
890,0.027951634088478595
891,-0.020055459241069953
892,-0.0798705300117686
893,0.04431007396734504
894,-0.03546450095385316
895,-0.040459845858346596
896,0.008321076736861839
897,-0.09047257330360443
898,0.06443940149645576
899,-0.10483371574437178
900,-0.17223017532167204
901,0.027346449791537487
902,0.14864042535943345
903,-0.05101850213784456
904,-0.08862008702107095
905,0.018386844247821506
906,0.02114448208710449
907,0.027139917812628006
908,-0.01584144918677813
909,0.04411263399369854
910,-0.0064340848904247345
911,-0.13295847228307442
912,-0.051079388721739345
913,0.039665702007950894
914,-0.03428289131748729
915,0.1924200745659829
916,-0.03162619499078658
917,-0.02898737170335798
918,-0.0015117479035801863
919,0.06506924964885011
920,-0.030995654220428583
921,-0.001763779392753546
922,0.053126366244826015
923,0.038890618650770974
924,-0.012385832061506358
925,0.03983385116845961
926,-0.017830601825372005
927,0.0026308857473707464
928,0.05826843456347481
929,5.051860361450077e-05
930,-0.01837505200270952
931,-0.021680237762373978
932,-0.06862380111950173
933,-0.1621021712991916
934,0.08071607985904078
935,0.028530320917711807
936,-0.018110765001989357
937,-0.03989827719121095
938,-0.10346730382525587
939,0.06918076959503239
940,-0.11954307758235021
941,0.1176470612348071
942,0.009482521214925939
943,-0.03728135758656543
944,0.012013570102913842
945,-0.04430080153931375
946,-0.02507037273879692
947,0.05070626293090911
948,0.01564651466964939
949,-0.016531165003359768
950,0.010148838907829113
951,-0.012988257617157049
952,0.05844262529461139
953,-0.020712165189749
954,-0.01549865602639287
955,-0.07486549948172157
956,-0.011009801098759382
957,0.020540668676334174
958,-0.011966511081520978
959,-0.015123626006449906
960,-0.014225597388543678
961,-0.01911796582001243
962,-0.016108352683017437
963,-0.045234208228888254
964,-0.15271591579869528
965,-0.006542862155557726
966,-0.02850414592361194
967,-0.014167328396664609
968,-0.01173860792590854
969,-0.006468173471758839
970,0.010474397926551117
971,0.002759779027330063
972,0.006428301918645847
973,0.032408953603419804
974,-0.07456564871719708
975,-0.01027568446449786
976,-0.04883579663920255
977,0.006675829660028729
978,-0.024994818787323268
979,0.04586655941786879
980,0.10132828867514088
981,-0.06250600548659
982,0.13595261878713633
983,-0.04016851195781711
984,-0.08387088782333132
985,0.06678497167243823
986,0.015287955287219978
987,-0.008083843639557354
988,-0.013513143024563868
989,0.07897967404415843
990,0.020286404457505538
991,0.10883304489943868
992,-0.017646394960981582
993,-0.0470044041479232
994,0.07358458633440551
995,0.037427118904640205
996,0.01934769139223489
997,-0.035540781629696094
998,-0.012408346724516685
999,-0.049251740539577225
1000,-0.044628780539457236
1001,0.03251271249250151
1002,-0.03700507094481377
1003,0.02038251889909259
1004,0.058803326811574914
1005,0.01100522972387891
1006,-0.003357557224352507
1007,0.0021037871552849387
1008,-0.0117229764463628
1009,-0.036981235821973636
1010,-0.041686023301815124
1011,-0.015618034863959676
1012,-0.016575944057141318
1013,-0.0066214411252241995
1014,-0.031052813748136447
1015,-0.008705032474556267
1016,0.0023757439676605134
1017,0.007025190589132287
1018,-0.019672237634383548
1019,0.011417598554669117
1020,-0.012608525011647012
1021,0.01019144619731977
1022,-0.03872683532515146
1023,-0.03530931963196147
1024,-0.009809570518245828
1025,0.011038700498732833
1026,0.002412474200881608
1027,0.0002741446727984444
1028,-0.008574788248390577
1029,0.0056352238380744275
1030,-0.05253259332041723
1031,-0.03857587431946332
1032,0.024368545595957677
1033,-0.009939799064542156
1034,0.029653499151230563
1035,-0.006358523089372059
1036,0.0020451643007243364
1037,0.003414588442129997
1038,-0.04782799085352014
1039,0.0214839273366497
1040,-0.07220675003285827
1041,0.038574440648620804
1042,-0.019398428422890517
1043,-0.09957105131802736
1044,0.06813073212559304
1045,0.0010020828639972384
1046,-0.026125742177920942
1047,-0.0016947875178002806
1048,-0.019481719698915812
1049,0.018567695104527004
1050,-0.06993574400584099
1051,0.0374616773599783
1052,-0.028217670076047793
1053,0.006055881208830085
1054,0.04131360809890123
1055,0.005462095273614257
1056,0.07779816379064998
1057,-0.008783265103617155
1058,-0.04635890070597148
1059,-0.026958124511011008
1060,0.022134214380296863
1061,-0.013727528851246153
1062,-0.028927705095146722
1063,0.019766599518192925
1064,-0.006058750469562316
1065,0.04365117063197947
1066,-0.0005127190563673427
1067,-0.06054676699236196
1068,0.14671154771901973
1069,-0.3522288049843682
1070,-0.00997267105188269
1071,-0.09667481641678116
1072,-0.006401449418624487
1073,0.004168618330802501
1074,0.06957143227660181
1075,-0.07810375999045481
1076,-0.04184469807067739
1077,-0.0516911302120752
1078,0.04995890926743966
1079,0.012620381698258649
1080,-0.11737087712268666
1081,-0.0011268134829623825
1082,0.029693276087440403
1083,-0.01914753066137157
1084,0.024318532837953356
1085,0.25408659442839004
1086,-0.1328654241883397
1087,0.020160767817508283
1088,0.25695543158114315
1089,-0.16971210648384163
1090,-0.10683642840448151
1091,-0.19776366606052762
1092,-0.08283321008759471
1093,-0.060061144794929064
1094,-0.14817021745871012
1095,-0.0030846544464851727
1096,0.12654299298790608
1097,-0.1647494535535626
1098,-0.08422564285906647
1099,-0.11748966852055494
1100,0.3129138540454071
1101,-0.005085864868637585
1102,-0.29737538722375395
1103,0.06075724942302177
1104,-0.07554793140044604
1105,0.0879930015974899
1106,-0.3074459254098221
1107,-0.04036598891170636
1108,0.09876153049510446
1109,-0.06900319134745163
1110,0.03690919374901438
1111,0.10048119582203252
1112,0.05601052136954598
1113,0.08853038457798716
1114,0.17306586263010892
1115,0.017212354639433845
1116,-0.20186704921748874
1117,0.2102642829613333
1118,0.06567082687071657
1119,0.04636345129511451
1120,-0.023587882337077423
1121,0.012816314316524677
1122,-0.09717299459150026
1123,-0.19365996231693966
1124,-0.10343512244301958
1125,0.011103220388815616
1126,0.127793577156268
1127,-0.14303730564321432
1128,-0.2362873371884977
1129,0.12237442857876817
1130,-0.03375577253750766
1131,-0.017570689909015166
1132,0.0165922111575729
1133,0.0392274051837236
1134,0.060773658609694796
1135,-0.031198888788440772
1136,-0.14794686714150726
1137,-0.01318592509112195
1138,-0.30264029440190265
1139,0.07791509211423592
1140,0.057142768776193724
1141,-0.14689295548009174
1142,0.14857745814863807
1143,-0.022768342716073003
1144,-0.12335817684605734
1145,-0.13653593576033166
1146,-0.04686134288344443
1147,0.034073069974569964
1148,-0.031864846448910335
1149,-0.19308304128807102
1150,0.12752391595930518
1151,0.1645748198139618
1152,0.26684606936198163
1153,0.13863440147999978
1154,-0.019394715280634856
1155,-0.11599824015394614
1156,0.0142435256300932
1157,-0.050744566832760366
1158,-0.1420502435980104
1159,-0.04555729549932519
1160,-0.0711412584704869
1161,-0.04521804468603715
1162,-0.13748985618265144
1163,-0.13679424823850403
1164,-0.08009623810312676
1165,0.05752497729395318
1166,-0.05842839672974044
1167,-0.2724576242414141
1168,-0.021267959238031188
1169,-0.0069985502679378786
1170,-0.16336219309477157
1171,0.0590473545308249
1172,0.0010429568527678147
1173,-0.009795602576366077
1174,0.032838233453108226
1175,0.17344304423443455
1176,-0.01681604750376421
1177,0.0418445444428916
1178,-0.0973803866631253
1179,-0.1651185431915057
1180,0.011959227137448599
1181,0.10137257252517844
1182,0.13340059780167787
1183,0.04453443783624489
1184,0.06724231692229404
1185,0.07012656020945518
1186,-0.03501902913649547
1187,-0.01697796769005425
1188,0.21637986047985305
1189,-0.15274840790793634
1190,0.10450145738167758
1191,0.09325251893529857
1192,-0.0454370045271506
1193,0.0815907962846555
1194,-0.125424262402401
1195,0.04219836823179251
1196,-0.010048825740781383
1197,-0.08375299197190955
1198,-0.008849140077492717
1199,0.05239703386381101
1200,0.012741452125361418
1201,-0.12263093849443876
1202,0.017722879006256336
1203,0.04513075458078643
1204,0.007593742431481611
1205,-0.0016388872995055331
1206,-0.02935353661746472
1207,0.13336513211865608
1208,-0.05598333195567712
1209,-0.14604361415003403
1210,0.05658723332003501
1211,0.06613402590764487
1212,-0.023936778370010525
1213,-0.09723714906405011
1214,0.02124116341642384
1215,0.03359860205369795
1216,-0.0036244285806445444
1217,0.010940343755075332
1218,-0.04047317216394233
1219,-0.005924973433950769
1220,0.056616631113992566
1221,0.004413175729138901
1222,-0.06163420153241424
1223,-0.04606900494656888
1224,-0.004493052757143443
1225,0.03427940309063683
1226,-0.0021480808168331585
1227,0.007473231037238572
1228,-0.015845651687658717
1229,0.06612177534856671
1230,-0.12270632346433187
1231,-0.006779557013135172
1232,0.12140829699317524
1233,0.006701373040664412
1234,-0.146192865103034
1235,0.022948308371895324
1236,0.14740448665764616
1237,-0.07177457810520714
1238,-0.04373190593612549
1239,0.0244251408400045
1240,-0.09411035045406635
1241,0.009813864262556876
1242,0.0002898384680352328
1243,-0.4083967728980509
1244,-0.16950774894703688
1245,-0.2374571338257856
1246,-0.05828095676591861
1247,-0.09335621797630153
1248,0.0005179300576684617
1249,-0.2840033420538808
1250,0.014700173122620471
1251,-0.009077787750351833
1252,-0.24615495100972562
1253,0.37312473315323647
1254,0.018637589745456876
1255,0.26735939363181255
1256,-0.2823379889915484
1257,-0.12241577216779147
1258,0.2488018734599727
1259,-0.10981090105755198
1260,0.15638072427111033
1261,-0.20263956356490992
1262,-0.1848000921537123
1263,-0.458065207665519
1264,0.09600296727699895
1265,-0.17279703847668101
1266,-0.11285595477689318
1267,0.029654965924723782
1268,0.279285934599757
1269,-0.07939648442779282
1270,0.4164450677612056
1271,-0.05409784031231915
1272,-0.05649418031307336
1273,-0.015079578948838015
1274,-0.038274935426940986
1275,-0.12543278523402399
1276,-0.04224931332633527
1277,-0.021020033187947037
1278,-0.012545515103651777
1279,0.09140647812523679
1280,-0.04547926937841284
1281,0.0005702924160354929
1282,-0.055311715193413866
1283,-0.025853285878669918
1284,-0.11416081867021526
1285,0.024980360695715336
1286,-0.0055931956173839005
1287,0.04287258086533249
1288,-0.11371817620302951
1289,-0.060045719778453105
1290,-0.1504973500844723
1291,0.0005444201881561759
1292,0.056983139326522256
1293,0.05066773859072502
1294,-0.010803856504111937
1295,0.06122995773864882
1296,0.15880732144273996
1297,-0.02794220140593089
1298,0.0074957468363277754
1299,-0.03403673934527267
1300,0.040784110914140054
1301,0.0060263224215711215
1302,-0.0984305958140688
1303,-0.006276148504410557
1304,0.09329316644424589
1305,0.20174789414950586
1306,0.055000706609667986
1307,-0.024911166041745893
1308,-0.03623236948230535
1309,-0.017560246608480566
1310,-0.038641126785874697
1311,-0.13500683192647436
1312,0.009024949883760305
1313,-0.11972373690341262
1314,-0.03591774594356184
1315,0.00479456169543449
1316,-0.010243314277931851
1317,-0.024490153722753503
1318,-0.07772407416291963
1319,-0.07265211586344879
1320,0.06269448024490662
1321,-0.10541883401961266
1322,-0.06802232188136091
1323,0.19394053452268536
1324,0.06265948409539106
1325,0.004522969386486753
1326,0.010891751411162382
1327,0.04925015607555096
1328,-0.03274569503957629
1329,-0.03980492210862488
1330,0.017937531656329036
1331,0.016057093572110232
1332,-0.06272518766601563
1333,-0.013057461899720775
1334,0.009249881464897499
1335,-0.09542772154681023
1336,-0.4401441914134464
1337,-0.07448172031576432
1338,-0.05652860226058387
1339,0.03942671324819807
1340,0.07438556742267582
1341,0.1187359726765435
1342,0.1415694258464827
1343,0.04848305292094853
1344,-0.003446691235766349
1345,0.05275943936974368
1346,-0.12603849355397292
1347,0.06944579129912248
1348,-0.017691388108931252
1349,0.0010540026245440934
1350,-0.0411434884255719
1351,-0.00036667995469704507
1352,-0.15470191775186737
1353,-0.07182126188607825
1354,-0.015824029757951424
1355,-0.05940147445409166
1356,-0.07420575581995631
1357,-0.014974885054480068
1358,-0.0799888161239934
1359,-0.5184597140384682
1360,0.5259753648865662
1361,0.4404445437894538
1362,0.08198201959407114
1363,0.05681064394695511
1364,-0.00343085557285971
1365,0.026495722498052245
1366,0.04407593029787804
1367,-0.093062378549633
1368,0.10595629282495408
1369,-0.1081988824019908
1370,-0.015691116456035034
1371,0.08422106785001086
1372,-0.16037061267704802
1373,-0.04868178251522668
1374,-0.14018851682509847
1375,0.3035747290337617
1376,0.4115447798754533
1377,0.2242242839590924
1378,0.005642280308129077
1379,0.14148255988889244
1380,0.03404394827874289
1381,-0.11401201973830807
1382,0.019138487701459758
1383,0.0363998666216047
1384,-0.027576022746733174
1385,-0.11975128745208824
1386,0.13812524150535843
1387,0.037792614091364515
1388,0.05285287793425406
1389,0.06101245044578216
1390,0.031450049110467226
1391,-0.0018596552370566159
1392,0.03069005833218365
1393,-0.2092243385125954
1394,0.19024927631756983
1395,0.05894144994823056
1396,0.0675761197204047
1397,-0.0735082379531336
1398,-0.02728472157262706
1399,-0.08093491633231029
1400,0.040220229095100916
1401,0.020547276862930425
1402,0.11674033131831796
1403,0.16311920885115666
1404,-0.14884702590989432
1405,0.06598491069124146
1406,-0.106270628925339
1407,-0.1862209289040694
1408,0.0676050828942823
1409,0.007223844100885916
1410,-0.030047894284503378
1411,-0.05573047067780796
1412,-0.06320839556628265
1413,-0.41061690612503393
1414,-0.04271320320574181
1415,0.2128371801972378
1416,-0.09760765895079916
1417,0.27192757722061545
1418,-0.07975213349023647
1419,-0.4417892086517019
1420,-0.03255124413651417
1421,0.2996714837860535
1422,0.21636748147621937
1423,-0.0016270557710673164
1424,-0.5345938754238928
1425,0.08178930994899734
1426,-0.10765028020191404
1427,0.25167776786239554
1428,-0.09277615167760583
1429,0.22967533309338578
1430,-0.3440356560797679
1431,0.04852043575082868
1432,-0.2841801280435511
1433,0.07705315534624657
1434,0.005368792725283357
1435,-0.05333275541035686
1436,-0.043084448463731204
1437,0.03325354556100677
1438,-0.05910694142561378
1439,0.09208717741064605
1440,0.07078920953516415
1441,-0.008486697367600847
1442,0.02333261708595227
1443,-0.03459040216693398
1444,0.16407954545151343
1445,0.1595854580695534
1446,0.325684955051662
1447,0.08524097216053418
1448,0.06001704504861957
1449,0.11338926790327436
1450,-0.21478003901695691
1451,-0.08736469172432497
1452,-0.19785760176458575
1453,-0.11701170583911806
1454,-0.17554766971091437
1455,0.10423097930414213
1456,-0.17620910849729005
1457,-0.08600435888787036
1458,-0.00246059084571804
1459,-0.26383393538019734
1460,-0.15406233699334657
1461,-0.007944358268344082
1462,-0.14989213194155973
1463,0.09019645848727154
1464,0.0891912696636431
1465,0.06864271758400264
1466,-0.1633217116726962
1467,0.2591841443454738
1468,-0.0023533391168359874
1469,-0.0367872992528667
1470,-0.1924186917474961
1471,0.06498182097415649
1472,-0.4620466278814076
1473,0.1504573881378344
1474,0.1334003638601499
1475,0.09249017117099251
1476,0.06678714235550148
1477,-0.3281345777395427
1478,-0.28004672446948137
1479,0.14215950716525533
1480,0.10818331081081471
1481,0.13449167473131357
1482,-0.1325329536383435
1483,0.0034524851589565844
1484,0.023773875130185605
1485,-0.02978997042728429
1486,-0.27949570678077984
1487,-0.06798128225060379
1488,-0.11782486972795853
1489,-0.033443297785394024
1490,0.07929616726462817
1491,-0.03571858258700779
1492,-0.01437448227205725
1493,-0.26076020315104365
1494,0.07262032344462026
1495,-0.06020807141269237
1496,-0.11192266515670984
1497,0.1165359051825355
1498,0.091213124229283
1499,-0.13991885468997592
1500,0.24214041839949715
1501,0.2223687349487728
1502,-0.48510423017539456
1503,-0.0908907670539717
1504,0.008154896443350768
1505,0.10705402467622731
1506,0.06002971240485729
1507,-0.00805731007710801
1508,-0.07415304667074929
1509,0.012876937363696042
1510,0.13617731350412232
1511,0.07710300256354376
1512,-0.19220821677336314
1513,-0.021271523075288918
1514,-0.08707755492314831
1515,-0.057392729892155214
1516,-0.19841338688038437
1517,0.25637911455763246
1518,0.01494066538555097
1519,0.14102823200084838
1520,0.078318336068545
1521,0.03354192379391622
1522,0.11972157707060578
1523,0.029539252595219775
1524,0.010013038298533753
1525,-0.006624597419068422
1526,-0.020416890962830194
1527,0.017722634918640835
1528,0.15775828975106013
1529,0.15888988872599746
1530,-0.06895727062527082
1531,0.13842675048425393
1532,-0.1163162479641502
1533,-0.028355093022788217
1534,-0.0628239182871195
1535,-0.25472082375108335
1536,0.04540743671714671
1537,0.022579250549555164
1538,0.04676496593687572
1539,-0.0371091078937748
1540,0.012452117369329177
1541,-0.022516202385535637
1542,0.02052795906225611
1543,0.09057553745117633
1544,-0.03434465381852782
1545,-0.026465035177145105
1546,0.2473663797482101
1547,0.03160224381875598
1548,0.16609063918818304
1549,-0.07296746850745696
1550,-0.049405664160972286
1551,-0.26394384177946784
1552,-0.03776117923442292
1553,-0.24529701434169138
1554,0.10427980485687022
1555,0.0845122601487363
1556,0.09134622639315763
1557,0.17619110434706156
1558,0.08508997773050832
1559,-0.09501514362717443
1560,0.038986896448756435
1561,0.002190680006955214
1562,-0.06359281559742198
1563,-0.04759885417313645
1564,-0.07508574916327135
1565,0.05446346444546794
1566,0.08359617854128304
1567,-0.010249213893520017
1568,0.038712175181658946
1569,0.01164499147322483
1570,-0.049388865154068456
1571,0.12203968131588004
1572,-0.14564460610114302
1573,0.1453003242215147
1574,0.0007764366970649818
1575,-0.12145259967445626
1576,0.20962150116772071
1577,0.35962240817086344
1578,0.1521306753555909
1579,0.06636783514406112
1580,-0.24283281125006886
1581,-0.09709059233947775
1582,0.232764442512449
1583,-0.13404452899584926
1584,-0.0011744331017770975
1585,0.032202619545531226
1586,0.08716362104555773
1587,0.1990703468436295
1588,-0.01016655090536547
1589,-0.04537513728877735
1590,-0.08729425952467268
1591,-0.027370407086600605
1592,-0.006181284014334798
1593,-0.2061979515775782
1594,0.49964899094266957
1595,0.3039585914469782
1596,-0.07329808174222725
1597,-0.05916153159839216
1598,-0.20352335470392582
1599,-0.10738107334277518
1600,-0.04046624604099369
1601,0.1528739387449126
1602,0.13340390877097402
1603,-0.10211806348115782
1604,0.11082974817476482
1605,0.02472536621794551
1606,-0.11644219030008371
1607,-0.03436073630564201
1608,-0.23891889866823413
1609,0.04799781661035048
1610,-0.09969527197818075
1611,0.04726862274406959
1612,0.05076215846664894
1613,0.27819832714777487
1614,-0.35607340764232204
1615,-0.287733761346122
1616,-0.1405737637139947
1617,-0.18699533371145308
1618,-0.40466411048503037
1619,-0.21286584029114164
1620,-0.09553279079566197
1621,0.3872695955438633
1622,0.02425633253736223
1623,-0.455739030334146
1624,-0.17065518933533957
1625,0.39967653888264
1626,-0.27096848788183897
1627,0.12093997140815672
1628,0.005125715067145615
1629,0.07742824311000256
1630,0.23527067912808539
1631,0.0412967880212124
1632,0.0007563860957454595
1633,-0.05685866749691277
1634,-0.10758729446972894
1635,0.10163657813200389
1636,0.1477090700770669
1637,-0.07444660185390163
1638,-0.0876295432675694
1639,-0.04356694635428944
1640,-0.2712612879756724
1641,0.31493521138791986
1642,-0.06837698362711613
1643,0.08116001186733951
1644,-0.10810125740001741
1645,0.210150836880223
1646,0.03777997835851959
1647,-0.06616899655299907
1648,-0.03729398296297473
1649,-0.0647070992883404
1650,0.11273567404418629
1651,0.21283295614437087
1652,-0.15819378145764584
1653,-0.10573912007462703
1654,-0.11151228229271555
1655,0.06699423774904807
1656,-0.025423341109355718
1657,-0.04898506234294498
1658,-0.016925893502846758
1659,-0.03245396128112834
1660,-0.07277146088241751
1661,-0.45532883066406665
1662,0.26843258444481377
1663,-0.3503203011104682
1664,-0.17024433695544594
1665,-0.03989512496213055
1666,0.12658461422022288
1667,0.04646747984179615
1668,-0.2338185101753765
1669,-0.018937491079011836
1670,0.04787952454750754
1671,0.5864531761907951
1672,-0.12499236225282497
1673,-0.15438832997406715
1674,-0.0128882799915316
1675,0.0707132475550313
1676,-0.1828619859312199
1677,0.03516849227355144
1678,0.0718963448285465
1679,-0.05790447503533098
1680,0.11602979896114325
1681,-0.08719437148042258
1682,-0.050672092311178966
1683,0.08687090650190853
1684,0.07666211573719266
1685,0.005328450611420111
1686,0.0713687702644999
1687,-0.13650516970242335
1688,0.012738933089179982
1689,-0.018949943190451367
1690,0.2230616194895987
1691,0.005764112128056258
1692,0.11307885024066748
1693,0.02150701704431946
1694,-0.17455741311575027
1695,0.08958218288142682
1696,0.26293506159886176
1697,0.3972814837450904
1698,-0.2864751154025882
1699,0.2012569223955013
1700,0.08939542844274231
1701,-0.04129016371884248
1702,0.05367253481644118
1703,0.009834175848188523
1704,-0.16196393916438712
1705,-0.022518491642962865
1706,0.06978478321916995
1707,0.1485982390333661
1708,0.12822188923997385
1709,-0.14152396140087223
1710,0.4079655704881373
1711,0.0008201911692389288
1712,-0.10347841039218472
1713,0.01664043068499398
1714,-0.0061496206414345675
1715,0.04483517762618846
1716,0.10747547248156279
1717,-0.05269356895931069
1718,0.06517234467378263
1719,-0.005098402491442795
1720,-0.0013620813064893161
1721,0.040004070367460835
1722,-0.2745216724175049
1723,0.09847104754035206
1724,-0.011509395963956021
1725,-0.14876199516108354
1726,-0.08845033046651911
1727,-0.11386987864272244
1728,-0.18135997440953155
1729,-0.0356607971388113
1730,-0.014565028140119214
1731,0.16740897086443787
1732,0.1602616417052891
1733,0.7369519411824008
1734,0.7545308665394883
1735,-0.027631162866278317
1736,0.04163758532781146
1737,-0.043500877406929636
1738,0.03276669125689426
1739,0.009954333210130775
1740,-0.008406188328721486
1741,0.06958853621274294
1742,-0.0790083049222381
1743,0.09883973807454789
1744,0.012653167269433182
1745,-0.04257877741029212
1746,0.03914155670700875
1747,0.04940526633284968
1748,0.0026654974205396966
1749,0.025219631700274473
1750,-0.07327466700270795
1751,-0.03408972289297828
1752,-0.10579119271954573
1753,-0.03300322611765688
1754,0.08317465679295531
1755,-0.03839530385818882
1756,0.06280658612031004
1757,0.019790282156436575
1758,-0.04104195561355741
1759,0.19942582756067054
1760,0.1321783200521429
1761,0.20209582459834316
1762,-0.03724330346456242
1763,-0.09425444796107346
1764,-0.2080446305924338
1765,-0.14674178252828912
1766,0.02566352905631558
1767,0.005542216293655685
1768,-0.05983031216979254
1769,-0.001904086467319381
1770,0.09533925042362902
1771,-0.16803052721310877
1772,0.0166079715523365
1773,0.013115020481233844
1774,0.14854269847954318
1775,0.02720532255285348
1776,-0.04358221617450138
1777,0.051893924675291005
1778,-0.19164128019784343
1779,-0.08285847649217074
1780,-0.045484704079605864
1781,-0.027053491280042707
1782,0.13241071463808377
1783,-0.09987907011952536
1784,-0.39867739537156416
1785,-0.05539988779817321
1786,0.0354194634751399
1787,-0.04458615508839689
1788,-0.003927020321844688
1789,-0.09798516700132932
1790,0.07484672653831344
1791,0.15100094527140218
1792,0.02475588976790911
1793,0.05912141694873101
1794,0.006590914349674117
1795,-0.07147144207508441
1796,-0.06537103819201029
1797,0.06128794853451771
1798,0.006047257342881472
1799,-0.018464137404537305
1800,0.019556212775874
1801,0.036960160692649895
1802,-0.011144384023220273
1803,0.05540242043610818
1804,0.016666805832599194
1805,0.03693465608588053
1806,-0.05329086214357231
1807,-0.020767614427123327
1808,0.1334749746258968
1809,-0.02101243244596067
1810,0.204613715326019
1811,-0.0490322881894732
1812,0.07739198642304725
1813,0.014840672787725157
1814,0.057200342667000525
1815,-0.29734009947132384
1816,0.00914679217919945
1817,0.005138797511257934
1818,0.06729962860980007
1819,-0.0009746729073355165
1820,0.06950561260294903
1821,-0.024371339411449533
1822,-0.12371382878859216
1823,-0.10991771246062165
1824,-0.030728084983678693
1825,0.15330374151610984
1826,-0.003194070169549749
1827,-0.07337927049586479
1828,-0.07971396086863909
1829,-0.21187383393440704
1830,-0.5280981919179205
1831,0.05703037240709605
1832,0.08676449670069519
1833,0.04794825057918975
1834,0.01586308269601726
1835,0.12222581890583507
1836,0.03616045555383033
1837,0.1340420535358234
1838,0.40379713813072965
1839,-0.24267274911568765
1840,-0.5670831808749478
1841,-0.008283975987900623
1842,0.36441280769582535
1843,0.08889340091660988
1844,-0.049531059004821576
1845,0.09000489053289147
1846,-0.04416326610626998
1847,0.23050996377302146
1848,0.2610391596577496
1849,0.049176578917244355
1850,0.13623659290068849
1851,-0.03253716528227534
1852,0.029334478571712643
1853,0.06050483562840812
1854,-0.031009569115291295
1855,0.06273392561565216
1856,-0.07409907208792163
1857,-0.03818286079228082
1858,-0.0673778251297974
1859,-0.12493982888109599
1860,-0.04886656651331204
1861,-0.12038495929793207
1862,-0.09042804736603298
1863,-0.02610200528929888
1864,0.09821067135445707
1865,-0.0025310390571188827
1866,0.3636061528862504
1867,-0.17670609251633485
1868,-0.06836474547344258
1869,0.647747329282849
1870,-0.05530576265469959
1871,-0.13360981777122247
1872,0.052310334838660356
1873,-0.44982503998316115
1874,0.16522349443548948
1875,0.18733840704200225
1876,0.08313420606752252
1877,-0.11195049307840299
1878,-0.031318012339809506
1879,-0.01624757740208635
1880,0.2982532602304561
1881,0.39339824943039586
1882,-0.3424824128523708
1883,0.10070947763104908
1884,-0.40775703030000093
1885,0.1409650239090993
1886,-0.1410762011805047
1887,-0.10542755874872538
1888,-0.19494279256899738
1889,-0.5531220146738101
1890,0.08987386147559466
1891,0.048612795997826044
1892,0.0268382835643485
1893,0.08117312618692853
1894,-0.08993141337274095
1895,-0.011826732877057251
1896,0.4732773377531576
1897,-0.0033582808714630167
1898,-0.08755678864580314
1899,-0.1637462248022278
1900,0.039635948264560156
1901,0.1406660055023214
1902,0.12189320672268206
1903,-0.021398299977277803
1904,-0.028896137958861416
1905,-0.026038646982405777
1906,-0.04167430886674614
1907,0.21475812986567688
1908,-0.047628045207657795
1909,-0.19860560251193332
1910,-0.1291253028604962
1911,0.01799496022122838
1912,-0.0023741490581506153
1913,-0.09310101425804455
1914,0.03505210599635294
1915,0.04961943208488675
1916,0.15705328322594406
1917,0.07971607718999629
1918,0.06776144589832074
1919,0.11804324896810016
1920,-0.05372794544411318
1921,0.019141223515655253
1922,-0.10269609814091513
1923,0.023807476337148425
1924,0.001186135964194796
1925,-0.00805794750431789
1926,-0.029730650205332467
1927,0.005436593499243674
1928,0.014191162988094247
1929,0.036858034756927366
1930,-0.04840374099557643
1931,0.05067406654668935
1932,-0.0022431402993709866
1933,-0.04000566517322033
1934,0.07943595211664015
1935,0.31784783489349416
1936,0.028319409573784027
1937,0.05561475190134663
1938,0.02684548605869861
1939,-0.09522931793870044
1940,-0.07033141207337822
1941,0.15488698776872536
1942,-0.09470434143625264
1943,-0.029008080349222618
1944,0.002119366924947398
1945,-0.031935761421846696
1946,-0.019883990681507868
1947,-0.068768360673429
1948,0.11774738916192917
1949,-0.08383268085372032
1950,-0.037370603125606555
1951,-0.017230868019848508
1952,-0.039436638912103555
1953,0.02482262634613565
1954,-0.09525949797286302
1955,0.0056442446103375735
1956,-0.03593237134387988
1957,-0.035076909686305925
1958,-0.03419994743953283
1959,-0.04840644926550753
1960,0.0575456763305311
1961,0.02268375854775501
1962,-0.004600495950951236
1963,0.04237778877267109
1964,0.008237583839179127
1965,0.022203542268471346
1966,-0.030652665791170174
1967,-0.018663614954103572
1968,0.03306627041597717
1969,-0.08311313094996657
1970,0.1826678385348392
1971,0.02696860719885712
1972,-0.061831672162422566
1973,-0.015437052557975681
1974,-0.002293937493442509
1975,-0.06979066476957814
1976,-0.08068334588762052
1977,0.017854179812667285
1978,-0.02288476314998384
1979,-0.03305472933696227
1980,0.030324645544434953
1981,-0.06961458196133544
1982,0.01925722321185691
1983,-0.051043785751701466
1984,-0.013542379662816465
1985,-0.012995643203826727
1986,-0.014810175496838449
1987,0.009820161260130642
1988,0.037230945508532065
1989,-0.03955184575681006
1990,0.011784656342844799
1991,-0.01619010364690265
1992,-0.04291388126832746
1993,-0.016907903267918037
1994,0.0004416919856145094
1995,0.016132578917937457
1996,-0.043281480474651544
1997,0.016347517702173103
1998,-0.046604067275869195
1999,0.01009616763159014
2000,0.010499927642257276
